{"0.4": {"train_losses": [0.11570978318622104, 0.029409023040981395, 0.12378984968980224, 0.05342590452626083, 0.14035777339102323, 0.07700779800043608, 0.016165264814442495, 0.10098770795596762, 0.04105907767031075, 0.12494974585170933, 0.065307714367027, 0.006681386184726927, 0.0899039782687911, 0.03131452240533277, 0.11321679946362288, 0.055508453075555644, 0.13721255166086485, 0.07921946659089035, 0.02246365576505631, 0.10304476807373393, 0.04623023418788722, 0.12630948054579474, 0.06997129902444499, 0.013131388290239038, 0.09276928516761683, 0.03679717202394303, 0.11631936894318341, 0.060366612370351826, 0.0045914467880839105, 0.08390972474081865, 0.027925199176752402, 0.10653681087996297, 0.05119038948007055, 0.12884938562188203, 0.07382290981662083, 0.019336973298545206, 0.09606178742452669, 0.04178190263990523, 0.11874050713199745, 0.06449752721897492, 0.011003480608147579, 0.08725515187455017, 0.03345228484468585, 0.10958049673607266, 0.05585996314265557, 0.0026162235134116825, 0.07876212372803276, 0.02494187531501141, 0.10042863832762038, 0.04768886680084556, 0.12391455389753583, 0.06982803204200934, 0.016867686782576236, 0.09245407162380861, 0.03972688560332191, 0.11494664708357757, 0.06189088514470117, 0.008846967382628987, 0.08396266410482821, 0.031365083982771165, 0.10602153409908412, 0.0538814232979311, 0.0007411491379744463, 0.07631213337190508, 0.023141707934479547, 0.0984960354463766, 0.045164258164738895, 0.12000092267389335, 0.06780270066056426, 0.014989611712791645, 0.08949511071191381, 0.03727929035305631, 0.11217879200572704, 0.059610659466614965, 0.006964318944274801, 0.08201615860258825, 0.029001119987436246, 0.10390787087948809, 0.051600666815025224, 0.12654339921734292, 0.07399578718802964, 0.021241684612630672, 0.09561031577500616, 0.04311178721129872, 0.11827930936014171, 0.0661375374259014, 0.013285783199642473, 0.08785505978634875, 0.035283374845703736, 0.10964376046827431, 0.05755502722769717, 0.005142471149584441, 0.07940395040297006, 0.026962193970800692, 0.10167423599956167, 0.04947788369896671, 0.12297238602237376, 0.07125072770174586, 0.019293272793405643, 0.09374332983322282], "train_f1": [0.8384724352523959, 0.8969734277605774, 0.9034610555366578, 0.909512797244421, 0.9125045904347647, 0.9137075510218204, 0.9145279081123754, 0.9148473607997937, 0.9152551798100365, 0.9155179456903209, 0.9159842528302226, 0.9163718836213463, 0.9168307086614172, 0.917288078166807, 0.9176801792820741, 0.918034944687199, 0.9182955203904661, 0.9187448562749704, 0.919080301031578, 0.9193398198946275, 0.9197128966887285, 0.9200462041789425, 0.920228708396794, 0.9206041274785299, 0.9208299740146082, 0.9210723007622177, 0.9213310894002142, 0.9215467690994109, 0.9217532691551945, 0.9220754800017603, 0.9223086126795225, 0.9226239267223735, 0.92284679593784, 0.9231407152193183, 0.9233334268503341, 0.9237125471214921, 0.9239907274462776, 0.9242214341962052, 0.9244662047617757, 0.9245965640542112, 0.9247886687259851, 0.9249135852090032, 0.9250455641663089, 0.9250693802035154, 0.9252311257372288, 0.9252427829047036, 0.9253190692956931, 0.9253137462678005, 0.925323289744911, 0.9254599680118532, 0.9255044556389099, 0.9255551752602227, 0.925621731998997, 0.9256444000954555, 0.9256900811007057, 0.9257091182634143, 0.9257856365209316, 0.9257725229807835, 0.9257570049778706, 0.9258376531407838, 0.9258364529478846, 0.9258937638013571, 0.9258114311739504, 0.9258190737133591, 0.9258722629061056, 0.9258458626725965, 0.9259190211350424, 0.9258756142097603, 0.9258828876859831, 0.9258819545507686, 0.9259149500643096, 0.9258432764664736, 0.9258981892585182, 0.9259260379153703, 0.9259681851077598, 0.9259634111427868, 0.9260114185260747, 0.9259128962183794, 0.9260019860772958, 0.9259481049997682, 0.9260404904016777, 0.9259904157059015, 0.9260884381862287, 0.9260264470675534, 0.9260318782387209, 0.9261995484835682, 0.9260863428306414, 0.926143261021242, 0.9261276738176829, 0.9261295233870074, 0.9262407314422147, 0.9261742936391987, 0.9262412191327373, 0.9262580770700437, 0.9262097237653729, 0.9262893812341437, 0.9263338546440517, 0.9262463830945588, 0.926340010446223, 0.9263355295991773], "valid_losses": [0.5387491897053601, 0.5620626651215074, 0.5826380680150262, 0.5755666227822962, 0.6029911538736217, 0.6280246659702217, 0.6616733340626415, 0.7475830529292707, 0.760252360287241, 0.815953583504385, 0.7761189019906849, 0.7519660950339796, 0.7065117301436397, 0.6096113200530723, 0.5362593869489819, 0.5368993618195451, 0.5429413510238851, 0.543920112516191, 0.5448804188140313, 0.5569851377365101, 0.5676988128515782, 0.6024115004404911, 0.6145941518149408, 0.6381542778304194, 0.7075194351730952, 0.7471280266435737, 0.8864828021091739, 1.0070311258916262, 1.0798342855776841, 1.11468006001747, 1.2641288138123064, 1.3617431206614117, 1.437579802727168, 1.5908592860796957, 1.6490353017143922, 1.7271938401150717, 1.860233444548644, 1.9182006009087982, 2.0678843809694794, 2.126741581986776, 2.2846570683030767, 2.258483059309659, 2.469384013838919, 2.5110820351324157, 2.581844774747123, 2.5438848920394945, 2.7351421757227548, 2.8205249178296525, 2.8668703388600623, 2.9514971869783646, 2.947858110760365, 3.012839592236646, 3.0373617138939624, 3.0911384075537747, 3.08320603203568, 3.0308979320299803, 2.9835042113031904, 3.105677376089431, 3.1069395331171066, 3.0516168425913683, 3.1216974395764163, 2.992902827943128, 3.0953140776169477, 3.054281248878571, 3.120839778729529, 3.161073906078531, 3.0935217157192167, 3.077792545250963, 3.017468187411813, 3.09992778316822, 2.9944030012009666, 2.9512585931998028, 2.9052973723829973, 2.968668555821276, 2.903122519428027, 2.832537256233115, 2.92854193926433, 2.7848285526693943, 2.9017306447993714, 2.8476832743905662, 2.8057801401943165, 2.8684439095227736, 2.7657415060688204, 2.847192530528301, 2.794267831443024, 2.7142499514884677, 2.7676663570409827, 2.7761671086956325, 2.852969625752592, 2.8520423776755353, 2.780065716530642, 2.875223371256514, 2.7710855887080195, 2.834268299600738, 2.902805858255486, 2.897195224007004, 2.829628733748338, 2.8426846602646187, 2.921387880057476, 2.865620651167919], "valid_f1": [0.7902931072290037, 0.7865051024219695, 0.7635012858367464, 0.7390946772814, 0.7013658049292986, 0.55436260120959, 0.4326750836300852, 0.10094603597601598, 0.09826620432115231, 0.07248067272480674, 0.12046734382400925, 0.1930103056416459, 0.43366362115557844, 0.7273091765649276, 0.7750023157439715, 0.7828907664453831, 0.7797635413802584, 0.7773106665030073, 0.7723852346297069, 0.7679243221304695, 0.7600139545209477, 0.7489693231618244, 0.7395597546173277, 0.7308652661717215, 0.633940266017304, 0.43506645900450175, 0.11816513761467891, 0.08337804485459813, 0.057428010471204195, 0.04629680541045802, 0.03743596843416863, 0.030848042764073724, 0.02733981885273398, 0.023574976846004885, 0.012435056639127843, 0.00040113463797598924, 0, 0, 0, 0, 0, 0, 0, 0, 0, 0, 0, 0, 0, 0, 0, 0, 0, 0, 0, 0, 0, 0, 0, 0, 0, 0, 0, 0, 0, 0, 0, 0, 0, 0, 0, 0, 0, 0, 0, 0, 0, 0, 0, 0, 0, 0, 0, 0, 0, 0, 0, 0, 0, 0, 0, 0, 0, 0, 0, 0, 0, 0, 0, 0]}}